ID,Description,GeneRatio,BgRatio,pvalue,p.adjust,qvalue,geneID,Count
GO:0045321,leukocyte activation,14/50,475/7245,2.3481886503185385e-6,0.0034894083343733483,0.0031861212318532593,Cd79a/Wdfy4/Impdh1/Il16/Slamf7/Ccnd3/Bst1/Cdkn2a/Igll1/Cplx2/Vpreb1/Tmem98/Thy1/Blk,14
GO:0042100,B cell proliferation,5/50,59/7245,4.825251299865696e-5,0.023901078105334747,0.021823680440445203,Cd79a/Bst1/Cdkn2a/Vpreb1/Blk,5
GO:0050853,B cell receptor signaling pathway,4/50,37/7245,1.121109530160867e-4,0.02811355404453535,0.025670022783456876,Cd79a/Klhl6/Igll1/Blk,4
GO:0032943,mononuclear cell proliferation,7/50,163/7245,1.1351367716501488e-4,0.02811355404453535,0.025670022783456876,Cd79a/Impdh1/Ccnd3/Bst1/Cdkn2a/Vpreb1/Blk,7
